{
  "Total" : {
    "transaction" : "Total",
    "sampleCount" : 3166,
    "errorCount" : 0,
    "errorPct" : 0.0,
    "meanResTime" : 200.71825647504716,
    "medianResTime" : 168.0,
    "minResTime" : 134.0,
    "maxResTime" : 1786.0,
    "pct1ResTime" : 277.0,
    "pct2ResTime" : 364.0,
    "pct3ResTime" : 1003.3199999999997,
    "throughput" : 17.53579440028802,
    "receivedKBytesPerSec" : 8.483271786465979,
    "sentKBytesPerSec" : 4.619054892824504
  },
  "HTTP Request" : {
    "transaction" : "HTTP Request",
    "sampleCount" : 3166,
    "errorCount" : 0,
    "errorPct" : 0.0,
    "meanResTime" : 200.71825647504716,
    "medianResTime" : 168.0,
    "minResTime" : 134.0,
    "maxResTime" : 1786.0,
    "pct1ResTime" : 277.0,
    "pct2ResTime" : 364.0,
    "pct3ResTime" : 1003.3199999999997,
    "throughput" : 17.53579440028802,
    "receivedKBytesPerSec" : 8.483271786465979,
    "sentKBytesPerSec" : 4.619054892824504
  }
}