{
  "Total" : {
    "transaction" : "Total",
    "sampleCount" : 3413,
    "errorCount" : 0,
    "errorPct" : 0.0,
    "meanResTime" : 142.6015235862878,
    "medianResTime" : 114.0,
    "minResTime" : 82.0,
    "maxResTime" : 1824.0,
    "pct1ResTime" : 205.0,
    "pct2ResTime" : 284.0,
    "pct3ResTime" : 664.3000000000006,
    "throughput" : 18.92966683120816,
    "receivedKBytesPerSec" : 9.16441014301244,
    "sentKBytesPerSec" : 4.986573518155952
  },
  "HTTP Request" : {
    "transaction" : "HTTP Request",
    "sampleCount" : 3413,
    "errorCount" : 0,
    "errorPct" : 0.0,
    "meanResTime" : 142.6015235862878,
    "medianResTime" : 114.0,
    "minResTime" : 82.0,
    "maxResTime" : 1824.0,
    "pct1ResTime" : 205.0,
    "pct2ResTime" : 284.0,
    "pct3ResTime" : 664.3000000000006,
    "throughput" : 18.92966683120816,
    "receivedKBytesPerSec" : 9.16441014301244,
    "sentKBytesPerSec" : 4.986573518155952
  }
}