{
  "Total" : {
    "transaction" : "Total",
    "sampleCount" : 3320,
    "errorCount" : 0,
    "errorPct" : 0.0,
    "meanResTime" : 167.39096385542126,
    "medianResTime" : 146.0,
    "minResTime" : 111.0,
    "maxResTime" : 1564.0,
    "pct1ResTime" : 214.0,
    "pct2ResTime" : 283.0,
    "pct3ResTime" : 529.9499999999998,
    "throughput" : 18.402425572720066,
    "receivedKBytesPerSec" : 8.903038366216583,
    "sentKBytesPerSec" : 4.847557711974325
  },
  "HTTP Request" : {
    "transaction" : "HTTP Request",
    "sampleCount" : 3320,
    "errorCount" : 0,
    "errorPct" : 0.0,
    "meanResTime" : 167.39096385542126,
    "medianResTime" : 146.0,
    "minResTime" : 111.0,
    "maxResTime" : 1564.0,
    "pct1ResTime" : 214.0,
    "pct2ResTime" : 283.0,
    "pct3ResTime" : 529.9499999999998,
    "throughput" : 18.402425572720066,
    "receivedKBytesPerSec" : 8.903038366216583,
    "sentKBytesPerSec" : 4.847557711974325
  }
}