{
  "Total" : {
    "transaction" : "Total",
    "sampleCount" : 3289,
    "errorCount" : 0,
    "errorPct" : 0.0,
    "meanResTime" : 170.98540589844956,
    "medianResTime" : 147.0,
    "minResTime" : 113.0,
    "maxResTime" : 2718.0,
    "pct1ResTime" : 214.0,
    "pct2ResTime" : 271.5,
    "pct3ResTime" : 659.7999999999984,
    "throughput" : 18.284818430474328,
    "receivedKBytesPerSec" : 8.84604077079488,
    "sentKBytesPerSec" : 4.816534202728546
  },
  "HTTP Request" : {
    "transaction" : "HTTP Request",
    "sampleCount" : 3289,
    "errorCount" : 0,
    "errorPct" : 0.0,
    "meanResTime" : 170.98540589844956,
    "medianResTime" : 147.0,
    "minResTime" : 113.0,
    "maxResTime" : 2718.0,
    "pct1ResTime" : 214.0,
    "pct2ResTime" : 271.5,
    "pct3ResTime" : 659.7999999999984,
    "throughput" : 18.284818430474328,
    "receivedKBytesPerSec" : 8.84604077079488,
    "sentKBytesPerSec" : 4.816534202728546
  }
}