{
  "Total" : {
    "transaction" : "Total",
    "sampleCount" : 3189,
    "errorCount" : 0,
    "errorPct" : 0.0,
    "meanResTime" : 190.25650674192576,
    "medianResTime" : 158.0,
    "minResTime" : 129.0,
    "maxResTime" : 1434.0,
    "pct1ResTime" : 253.0,
    "pct2ResTime" : 324.0,
    "pct3ResTime" : 874.9999999999973,
    "throughput" : 17.689935209017484,
    "receivedKBytesPerSec" : 8.558063908288586,
    "sentKBytesPerSec" : 4.659690460803675
  },
  "HTTP Request" : {
    "transaction" : "HTTP Request",
    "sampleCount" : 3189,
    "errorCount" : 0,
    "errorPct" : 0.0,
    "meanResTime" : 190.25650674192576,
    "medianResTime" : 158.0,
    "minResTime" : 129.0,
    "maxResTime" : 1434.0,
    "pct1ResTime" : 253.0,
    "pct2ResTime" : 324.0,
    "pct3ResTime" : 874.9999999999973,
    "throughput" : 17.689935209017484,
    "receivedKBytesPerSec" : 8.558063908288586,
    "sentKBytesPerSec" : 4.659690460803675
  }
}