{
  "Total" : {
    "transaction" : "Total",
    "sampleCount" : 3419,
    "errorCount" : 0,
    "errorPct" : 0.0,
    "meanResTime" : 140.78531734425275,
    "medianResTime" : 100.0,
    "minResTime" : 79.0,
    "maxResTime" : 2008.0,
    "pct1ResTime" : 206.0,
    "pct2ResTime" : 302.0,
    "pct3ResTime" : 797.0000000000009,
    "throughput" : 18.984741132310152,
    "receivedKBytesPerSec" : 9.191081416026252,
    "sentKBytesPerSec" : 5.001089720809364
  },
  "HTTP Request" : {
    "transaction" : "HTTP Request",
    "sampleCount" : 3419,
    "errorCount" : 0,
    "errorPct" : 0.0,
    "meanResTime" : 140.78531734425275,
    "medianResTime" : 100.0,
    "minResTime" : 79.0,
    "maxResTime" : 2008.0,
    "pct1ResTime" : 206.0,
    "pct2ResTime" : 302.0,
    "pct3ResTime" : 797.0000000000009,
    "throughput" : 18.984741132310152,
    "receivedKBytesPerSec" : 9.191081416026252,
    "sentKBytesPerSec" : 5.001089720809364
  }
}