{
  "Total" : {
    "transaction" : "Total",
    "sampleCount" : 3897,
    "errorCount" : 3897,
    "errorPct" : 100.0,
    "meanResTime" : 49.20502950987947,
    "medianResTime" : 47.0,
    "minResTime" : 37.0,
    "maxResTime" : 300.0,
    "pct1ResTime" : 60.0,
    "pct2ResTime" : 65.0,
    "pct3ResTime" : 85.0,
    "throughput" : 21.61601482114232,
    "receivedKBytesPerSec" : 7.346067536872584,
    "sentKBytesPerSec" : 5.6737781276520804
  },
  "HTTP Request" : {
    "transaction" : "HTTP Request",
    "sampleCount" : 3897,
    "errorCount" : 3897,
    "errorPct" : 100.0,
    "meanResTime" : 49.20502950987947,
    "medianResTime" : 47.0,
    "minResTime" : 37.0,
    "maxResTime" : 300.0,
    "pct1ResTime" : 60.0,
    "pct2ResTime" : 65.0,
    "pct3ResTime" : 85.0,
    "throughput" : 21.61601482114232,
    "receivedKBytesPerSec" : 7.346067536872584,
    "sentKBytesPerSec" : 5.6737781276520804
  }
}