{
  "Total" : {
    "transaction" : "Total",
    "sampleCount" : 3497,
    "errorCount" : 0,
    "errorPct" : 0.0,
    "meanResTime" : 125.92593651701445,
    "medianResTime" : 75.0,
    "minResTime" : 47.0,
    "maxResTime" : 1884.0,
    "pct1ResTime" : 220.0,
    "pct2ResTime" : 333.0999999999999,
    "pct3ResTime" : 906.1399999999999,
    "throughput" : 19.366021686400035,
    "receivedKBytesPerSec" : 9.369789835122996,
    "sentKBytesPerSec" : 5.10163509835303
  },
  "HTTP Request" : {
    "transaction" : "HTTP Request",
    "sampleCount" : 3497,
    "errorCount" : 0,
    "errorPct" : 0.0,
    "meanResTime" : 125.92593651701445,
    "medianResTime" : 75.0,
    "minResTime" : 47.0,
    "maxResTime" : 1884.0,
    "pct1ResTime" : 220.0,
    "pct2ResTime" : 333.0999999999999,
    "pct3ResTime" : 906.1399999999999,
    "throughput" : 19.366021686400035,
    "receivedKBytesPerSec" : 9.369789835122996,
    "sentKBytesPerSec" : 5.10163509835303
  }
}