{
  "Total" : {
    "transaction" : "Total",
    "sampleCount" : 3389,
    "errorCount" : 0,
    "errorPct" : 0.0,
    "meanResTime" : 144.61611094718194,
    "medianResTime" : 121.0,
    "minResTime" : 85.0,
    "maxResTime" : 1539.0,
    "pct1ResTime" : 200.0,
    "pct2ResTime" : 263.0,
    "pct3ResTime" : 541.7999999999993,
    "throughput" : 18.825372313537713,
    "receivedKBytesPerSec" : 9.107880269118391,
    "sentKBytesPerSec" : 4.959066862289818
  },
  "HTTP Request" : {
    "transaction" : "HTTP Request",
    "sampleCount" : 3389,
    "errorCount" : 0,
    "errorPct" : 0.0,
    "meanResTime" : 144.61611094718194,
    "medianResTime" : 121.0,
    "minResTime" : 85.0,
    "maxResTime" : 1539.0,
    "pct1ResTime" : 200.0,
    "pct2ResTime" : 263.0,
    "pct3ResTime" : 541.7999999999993,
    "throughput" : 18.825372313537713,
    "receivedKBytesPerSec" : 9.107880269118391,
    "sentKBytesPerSec" : 4.959066862289818
  }
}