{
  "Total" : {
    "transaction" : "Total",
    "sampleCount" : 3538,
    "errorCount" : 3538,
    "errorPct" : 100.0,
    "meanResTime" : 117.51243640474857,
    "medianResTime" : 113.0,
    "minResTime" : 90.0,
    "maxResTime" : 624.0,
    "pct1ResTime" : 135.0999999999999,
    "pct2ResTime" : 144.0,
    "pct3ResTime" : 194.0,
    "throughput" : 19.591231013727153,
    "receivedKBytesPerSec" : 6.657957414821336,
    "sentKBytesPerSec" : 5.141884839222331
  },
  "HTTP Request" : {
    "transaction" : "HTTP Request",
    "sampleCount" : 3538,
    "errorCount" : 3538,
    "errorPct" : 100.0,
    "meanResTime" : 117.51243640474857,
    "medianResTime" : 113.0,
    "minResTime" : 90.0,
    "maxResTime" : 624.0,
    "pct1ResTime" : 135.0999999999999,
    "pct2ResTime" : 144.0,
    "pct3ResTime" : 194.0,
    "throughput" : 19.591231013727153,
    "receivedKBytesPerSec" : 6.657957414821336,
    "sentKBytesPerSec" : 5.141884839222331
  }
}